<?xml version="1.0" encoding="utf-8"?>
<manifest xmlns:android="http://schemas.android.com/apk/res/android"
    package="vanshika.myapp.mobilediagnosis">

    <application
        android:allowBackup="true"
        android:icon="@mipmap/ic_launcher"
        android:label="@string/app_name"
        android:roundIcon="@mipmap/ic_launcher_round"
        android:supportsRtl="true"
        android:theme="@style/AppTheme">
        <activity android:name=".headbutton"></activity>
        <activity android:name=".mobileinfo" />
        <activity android:name=".innerhardwares" />
        <activity android:name=".choosehardware" />
        <activity android:name=".display" />
        <activity android:name=".home" />
        <activity android:name=".camera" />
        <activity android:name=".flash" />
        <activity android:name=".receiver" />
        <activity android:name=".power" />
        <activity android:name=".location" />
        <activity android:name=".fingerprint" />
        <activity android:name=".faceid" />
        <activity android:name=".acc" />
        <activity android:name=".bt" />
        <activity android:name=".vibrate" />
        <activity android:name=".speaker" />
        <activity android:name=".volume" />
        <activity android:name=".earphones" />
        <activity android:name=".multitouch" />
        <activity android:name=".motion" />
        <activity android:name=".proximitysensor" />
        <activity android:name=".charger" />
        <activity android:name=".network" />
        <activity android:name=".outerhardwares" />
        <activity android:name=".MainActivity">
            <intent-filter>
                <action android:name="android.intent.action.MAIN" />

                <category android:name="android.intent.category.LAUNCHER" />
            </intent-filter>
        </activity>
    </application>

</manifest>